{
  "lookback": 45,
  "batch_size": 64,
  "epochs": 70,
  "patience": 5,
  "num_layers": 1,
  "units1": 256,
  "dropout": 0.3256890716132887,
  "lr": 0.0004729718192044825
}