{
  "lookback": 90,
  "batch_size": 32,
  "epochs": 40,
  "patience": 7,
  "num_layers": 2,
  "units1": 256,
  "units2": 160,
  "dropout": 0.17381721991447519,
  "lr": 0.0005498668057794269
}