{
  "lookback": 90,
  "batch_size": 64,
  "epochs": 70,
  "patience": 9,
  "num_layers": 1,
  "units1": 256,
  "dropout": 0.2603146534777223,
  "lr": 0.0024648949187921453
}